<?xml version="1.0" encoding="UTF-8"?> 
 <definitions 
 xmlns="http://schemas.xmlsoap.org/wsdl/" 
 xmlns:wsdl="http://schemas.xmlsoap.org/wsdl/" 
 xmlns:xsd="http://www.w3.org/2001/XMLSchema" 
 xmlns:soap="http://schemas.xmlsoap.org/wsdl/soap/" name="MyService" targetNamespace="http://Server.PrvaDomacaZadaca/" xmlns:tns="http://Server.PrvaDomacaZadaca/" xmlns:wsp="http://www.w3.org/ns/ws-policy" xmlns:wsu="http://docs.oasis-open.org/wss/2004/01/oasis-200401-wss-wssecurity-utility-1.0.xsd" xmlns:wsoma="http://schemas.xmlsoap.org/ws/2004/09/policy/optimizedmimeserialization" xmlns:wsam="http://www.w3.org/2007/05/addressing/metadata" xmlns:sp="http://docs.oasis-open.org/ws-sx/ws-securitypolicy/200702" xmlns:sc="http://schemas.sun.com/2006/03/wss/server" xmlns:wspp="http://java.sun.com/xml/ns/wsit/policy" 
 >
    <message name="Register"/>
    <message name="RegisterResponse"/>
    <message name="SearchFile"/>
    <message name="SearchFileResponse"/>
    <message name="SearchUser"/>
    <message name="SearchUserResponse"/>
    <portType name="MyService">
        <operation name="Register">
            <input message="tns:Register"/>
            <output message="tns:RegisterResponse"/>
        </operation>
        <operation name="SearchFile">
            <input message="tns:SearchFile"/>
            <output message="tns:SearchFileResponse"/>
        </operation>
        <operation name="SearchUser">
            <input message="tns:SearchUser"/>
            <output message="tns:SearchUserResponse"/>
        </operation>
    </portType>
    <binding name="MyServicePortBinding" type="tns:MyService">
        <operation name="Register">
            <input></input>
            <output></output>
        </operation>
        <operation name="SearchFile">
            <input></input>
            <output></output>
        </operation>
        <operation name="SearchUser">
            <input></input>
            <output></output>
        </operation>
    </binding>
    <service name="MyService">
        <port name="MyServicePort" binding="tns:MyServicePortBinding"/>
    </service>
</definitions>
